z_m,mode1,mode2,mode3
0.000000000000000000e+00,0.000000000000000000e+00,0.000000000000000000e+00,-0.000000000000000000e+00
4.846153846153845812e+00,2.330030345545560343e-03,-3.661142282097491762e-02,1.604917488629926947e-01
9.692307692307691624e+00,9.179685346564183529e-03,-1.381143756672942036e-01,5.766406219936066613e-01
1.453846153846153655e+01,2.033834206215651488e-02,-2.920408367931554561e-01,1.151586901729795054e+00
1.938461538461538325e+01,3.559548413956525881e-02,-4.860185936163028964e-01,1.792062430533493123e+00
2.423076923076922995e+01,5.474082160185163998e-02,-7.078703223393472133e-01,2.411721901973427062e+00
2.907692307692307310e+01,7.756445477180960724e-02,-9.457388190904062464e-01,2.934871255816453139e+00
3.392307692307691980e+01,1.038570800678378370e-01,-1.188230451452058745e+00,3.300082683002943273e+00
3.876923076923076650e+01,1.334102354117683575e-01,-1.424569110081967960e+00,3.463249062949662616e+00
4.361538461538461320e+01,1.660165829951407435e-01,-1.644753243714294433e+00,3.399715056167549321e+00
4.846153846153845990e+01,2.014702271595396610e-01,-1.839708964051604223e+00,3.105224305135553475e+00
5.330769230769230660e+01,2.395670651587829825e-01,-2.001432711968059941e+00,2.595536858592646379e+00
5.815384615384614619e+01,2.801051685863399365e-01,-2.123117580536826310e+00,1.904691092511385797e+00
6.299999999999999289e+01,3.228851932707159644e-01,-2.199258086923404854e+00,1.082002255307987770e+00
6.784615384615383959e+01,3.677108154650126082e-01,-2.225728963564781449e+00,1.879973601434338226e-01
7.269230769230769340e+01,4.143891921847452364e-01,-2.199834385306386864e+00,-7.104239332580396526e-01
7.753846153846153300e+01,4.627314435805673920e-01,-2.120324946436269897e+00,-1.545246805912592780e+00
8.238461538461537259e+01,5.125531552700817173e-01,-1.987380630648134971e+00,-2.252623960148806059e+00
8.723076923076922640e+01,5.636748985956214764e-01,-1.802558956942268864e+00,-2.777783701716856068e+00
9.207692307692306599e+01,6.159227668230180530e-01,-1.568708413251147959e+00,-3.079188077904296605e+00
9.692307692307691980e+01,6.691289253500762868e-01,-1.289848184535663744e+00,-3.131619027899419372e+00
1.017692307692307594e+02,7.231321740529819131e-01,-9.710160206888811540e-01,-2.927948245898795765e+00
1.066153846153846132e+02,7.777785199642657243e-01,-6.180868499077178946e-01,-2.479442337566424293e+00
1.114615384615384528e+02,8.329217585474218977e-01,-2.375654045456646324e-01,-1.814561122961208639e+00
1.163076923076922924e+02,8.884240619108992876e-01,1.636433301730621792e-01,-9.763149869639896616e-01
1.211538461538461462e+02,9.441565723880690486e-01,5.784816257111479176e-01,-1.834813533434703076e-02
1.260000000000000000e+02,1.000000000000000000e+00,1.000000000000000000e+00,1.000000000000000000e+00
